[
{
  "model": "home.socialprofiles",
  "pk": 1,
  "fields": {
    "name": "Facebook",
    "url": "https://es-la.facebook.com/nacional",
    "icon": "fa-facebook"
  }
},
{
  "model": "home.socialprofiles",
  "pk": 2,
  "fields": {
    "name": "Twitter",
    "url": "https://twitter.com/marcanuy/",
    "icon": "fa-twitter"
  }
},
{
  "model": "home.contactnumbers",
  "pk": 1,
  "fields": {
    "telephone": "+1-877-296-1018",
    "contact_type": "CS",
    "area_served": null,
    "available_language": "english,spanish"
  }
},
{
  "model": "home.contactnumbers",
  "pk": 2,
  "fields": {
    "telephone": "(5982)487 3636",
    "contact_type": "TS",
    "area_served": null,
    "available_language": "spanish"
  }
},
{
  "model": "home.organization",
  "pk": 1,
  "fields": {
    "name": "Keraban CMS",
    "email": "me@marcanuy.com",
    "address": "1901 Lemur Ave, Sunnyvale, CA, 94086, US",
    "hours": "",
    "phone": "123456789",
    "image": 1,
    "description": "An inflexible, opinionated Content Management System",
    "geo_coordinates": "-34.8844053,-56.1609289",
    "contact_points": [
      1
    ]
  }
},
{
  "model": "wagtailcore.site",
  "pk": 2,
  "fields": {
    "hostname": "localhost",
    "port": 80,
    "site_name": null,
    "root_page": 3,
    "is_default_site": true
  }
},
{
  "model": "wagtailcore.collection",
  "pk": 1,
  "fields": {
    "path": "0001",
    "depth": 1,
    "numchild": 1,
    "name": "Root"
  }
},
{
  "model": "wagtailcore.collection",
  "pk": 2,
  "fields": {
    "path": "00010001",
    "depth": 2,
    "numchild": 0,
    "name": "Sample Images"
  }
},
{
  "model": "auth.group",
  "pk": 1,
  "fields": {
    "name": "Moderators",
    "permissions": [
      [
        "access_admin",
        "wagtailadmin",
        "admin"
      ],
      [
        "add_document",
        "wagtaildocs",
        "document"
      ],
      [
        "change_document",
        "wagtaildocs",
        "document"
      ],
      [
        "delete_document",
        "wagtaildocs",
        "document"
      ],
      [
        "add_image",
        "wagtailimages",
        "image"
      ],
      [
        "change_image",
        "wagtailimages",
        "image"
      ],
      [
        "delete_image",
        "wagtailimages",
        "image"
      ]
    ]
  }
},
{
  "model": "auth.group",
  "pk": 2,
  "fields": {
    "name": "Editors",
    "permissions": [
      [
        "access_admin",
        "wagtailadmin",
        "admin"
      ],
      [
        "add_document",
        "wagtaildocs",
        "document"
      ],
      [
        "change_document",
        "wagtaildocs",
        "document"
      ],
      [
        "delete_document",
        "wagtaildocs",
        "document"
      ],
      [
        "add_image",
        "wagtailimages",
        "image"
      ],
      [
        "change_image",
        "wagtailimages",
        "image"
      ],
      [
        "delete_image",
        "wagtailimages",
        "image"
      ]
    ]
  }
},
{
  "model": "auth.user",
  "pk": 1,
  "fields": {
    "password": "pbkdf2_sha256$100000$4GJ2LG7SpbjX$cWz2MHL5ubXT4mZreDGUH6fkFXddwZoLq1CoPWDeSys=",
    "last_login": "2018-05-19T21:47:38.465Z",
    "is_superuser": true,
    "username": "admin",
    "first_name": "",
    "last_name": "",
    "email": "admin@example.com",
    "is_staff": true,
    "is_active": true,
    "date_joined": "2018-05-14T22:17:17.353Z",
    "groups": [],
    "user_permissions": []
  }
},
{
  "model": "wagtailcore.grouppagepermission",
  "pk": 1,
  "fields": {
    "group": [
      "Moderators"
    ],
    "page": 1,
    "permission_type": "add"
  }
},
{
  "model": "wagtailcore.grouppagepermission",
  "pk": 2,
  "fields": {
    "group": [
      "Moderators"
    ],
    "page": 1,
    "permission_type": "edit"
  }
},
{
  "model": "wagtailcore.grouppagepermission",
  "pk": 3,
  "fields": {
    "group": [
      "Moderators"
    ],
    "page": 1,
    "permission_type": "publish"
  }
},
{
  "model": "wagtailcore.grouppagepermission",
  "pk": 4,
  "fields": {
    "group": [
      "Editors"
    ],
    "page": 1,
    "permission_type": "add"
  }
},
{
  "model": "wagtailcore.grouppagepermission",
  "pk": 5,
  "fields": {
    "group": [
      "Editors"
    ],
    "page": 1,
    "permission_type": "edit"
  }
},
{
  "model": "wagtailcore.grouppagepermission",
  "pk": 6,
  "fields": {
    "group": [
      "Moderators"
    ],
    "page": 1,
    "permission_type": "lock"
  }
},
{
  "model": "wagtailcore.page",
  "pk": 1,
  "fields": {
    "path": "0001",
    "depth": 1,
    "numchild": 1,
    "title": "Root",
    "draft_title": "Root",
    "slug": "root",
    "content_type": [
      "wagtailcore",
      "page"
    ],
    "live": true,
    "has_unpublished_changes": false,
    "url_path": "/",
    "owner": null,
    "seo_title": "",
    "show_in_menus": false,
    "search_description": "",
    "go_live_at": null,
    "expire_at": null,
    "expired": false,
    "locked": false,
    "first_published_at": null,
    "last_published_at": null,
    "latest_revision_created_at": null,
    "live_revision": null
  }
},
{
  "model": "wagtailcore.page",
  "pk": 3,
  "fields": {
    "path": "00010001",
    "depth": 2,
    "numchild": 5,
    "title": "Keraban CMS",
    "draft_title": "Keraban CMS",
    "slug": "home",
    "content_type": [
      "home",
      "homepage"
    ],
    "live": true,
    "has_unpublished_changes": false,
    "url_path": "/home/",
    "owner": null,
    "seo_title": "",
    "show_in_menus": false,
    "search_description": "",
    "go_live_at": null,
    "expire_at": null,
    "expired": false,
    "locked": false,
    "first_published_at": "2018-05-16T15:07:00.634Z",
    "last_published_at": "2018-05-21T22:39:55.604Z",
    "latest_revision_created_at": "2018-05-21T22:39:55.285Z",
    "live_revision": 48
  }
},
{
  "model": "wagtailcore.page",
  "pk": 4,
  "fields": {
    "path": "000100010001",
    "depth": 3,
    "numchild": 6,
    "title": "Features",
    "draft_title": "Features",
    "slug": "features",
    "content_type": [
      "features",
      "featuresindexpage"
    ],
    "live": true,
    "has_unpublished_changes": false,
    "url_path": "/home/features/",
    "owner": [
      "admin"
    ],
    "seo_title": "",
    "show_in_menus": true,
    "search_description": "",
    "go_live_at": null,
    "expire_at": null,
    "expired": false,
    "locked": false,
    "first_published_at": "2018-05-17T13:22:19.288Z",
    "last_published_at": "2018-05-19T14:17:25.281Z",
    "latest_revision_created_at": "2018-05-19T14:17:25.150Z",
    "live_revision": 25
  }
},
{
  "model": "wagtailcore.page",
  "pk": 5,
  "fields": {
    "path": "0001000100010001",
    "depth": 4,
    "numchild": 0,
    "title": "Responsive design",
    "draft_title": "Responsive design",
    "slug": "responsive-design",
    "content_type": [
      "features",
      "featurespage"
    ],
    "live": true,
    "has_unpublished_changes": false,
    "url_path": "/home/features/responsive-design/",
    "owner": [
      "admin"
    ],
    "seo_title": "",
    "show_in_menus": false,
    "search_description": "",
    "go_live_at": null,
    "expire_at": null,
    "expired": false,
    "locked": false,
    "first_published_at": "2018-05-17T14:28:11.136Z",
    "last_published_at": "2018-05-17T14:41:46.625Z",
    "latest_revision_created_at": "2018-05-17T14:41:46.414Z",
    "live_revision": 10
  }
},
{
  "model": "wagtailcore.page",
  "pk": 6,
  "fields": {
    "path": "000100010002",
    "depth": 3,
    "numchild": 0,
    "title": "Location",
    "draft_title": "Location",
    "slug": "location",
    "content_type": [
      "locations",
      "locationpage"
    ],
    "live": true,
    "has_unpublished_changes": false,
    "url_path": "/home/location/",
    "owner": [
      "admin"
    ],
    "seo_title": "",
    "show_in_menus": true,
    "search_description": "",
    "go_live_at": null,
    "expire_at": null,
    "expired": false,
    "locked": false,
    "first_published_at": "2018-05-17T16:33:24.151Z",
    "last_published_at": "2018-05-21T21:26:24.929Z",
    "latest_revision_created_at": "2018-05-21T21:26:24.796Z",
    "live_revision": 47
  }
},
{
  "model": "wagtailcore.page",
  "pk": 7,
  "fields": {
    "path": "000100010003",
    "depth": 3,
    "numchild": 1,
    "title": "Contact",
    "draft_title": "Contact",
    "slug": "contact",
    "content_type": [
      "contact",
      "contactpage"
    ],
    "live": true,
    "has_unpublished_changes": false,
    "url_path": "/home/contact/",
    "owner": [
      "admin"
    ],
    "seo_title": "",
    "show_in_menus": true,
    "search_description": "",
    "go_live_at": null,
    "expire_at": null,
    "expired": false,
    "locked": false,
    "first_published_at": "2018-05-17T19:16:22.655Z",
    "last_published_at": "2018-05-19T20:16:14.149Z",
    "latest_revision_created_at": "2018-05-19T20:16:13.960Z",
    "live_revision": 46
  }
},
{
  "model": "wagtailcore.page",
  "pk": 8,
  "fields": {
    "path": "0001000100030001",
    "depth": 4,
    "numchild": 0,
    "title": "Message received",
    "draft_title": "Message received",
    "slug": "message-received",
    "content_type": [
      "home",
      "standardpage"
    ],
    "live": true,
    "has_unpublished_changes": false,
    "url_path": "/home/contact/message-received/",
    "owner": [
      "admin"
    ],
    "seo_title": "",
    "show_in_menus": false,
    "search_description": "",
    "go_live_at": null,
    "expire_at": null,
    "expired": false,
    "locked": false,
    "first_published_at": "2018-05-17T19:18:15.912Z",
    "last_published_at": "2018-05-17T19:18:15.912Z",
    "latest_revision_created_at": "2018-05-17T19:18:15.801Z",
    "live_revision": 14
  }
},
{
  "model": "wagtailcore.page",
  "pk": 9,
  "fields": {
    "path": "000100010004",
    "depth": 3,
    "numchild": 0,
    "title": "Gallery",
    "draft_title": "Gallery",
    "slug": "gallery",
    "content_type": [
      "gallery",
      "gallerypage"
    ],
    "live": true,
    "has_unpublished_changes": false,
    "url_path": "/home/gallery/",
    "owner": [
      "admin"
    ],
    "seo_title": "",
    "show_in_menus": true,
    "search_description": "",
    "go_live_at": null,
    "expire_at": null,
    "expired": false,
    "locked": false,
    "first_published_at": "2018-05-18T20:39:57.569Z",
    "last_published_at": "2018-05-19T17:42:37.047Z",
    "latest_revision_created_at": "2018-05-19T17:42:36.875Z",
    "live_revision": 43
  }
},
{
  "model": "wagtailcore.page",
  "pk": 10,
  "fields": {
    "path": "0001000100010002",
    "depth": 4,
    "numchild": 0,
    "title": "SEO",
    "draft_title": "SEO",
    "slug": "seo",
    "content_type": [
      "features",
      "featurespage"
    ],
    "live": true,
    "has_unpublished_changes": false,
    "url_path": "/home/features/seo/",
    "owner": [
      "admin"
    ],
    "seo_title": "",
    "show_in_menus": false,
    "search_description": "",
    "go_live_at": null,
    "expire_at": null,
    "expired": false,
    "locked": false,
    "first_published_at": "2018-05-19T14:20:12.574Z",
    "last_published_at": "2018-05-19T14:20:12.574Z",
    "latest_revision_created_at": "2018-05-19T14:20:12.441Z",
    "live_revision": 26
  }
},
{
  "model": "wagtailcore.page",
  "pk": 11,
  "fields": {
    "path": "0001000100010003",
    "depth": 4,
    "numchild": 0,
    "title": "Google",
    "draft_title": "Google",
    "slug": "google",
    "content_type": [
      "features",
      "featurespage"
    ],
    "live": true,
    "has_unpublished_changes": false,
    "url_path": "/home/features/google/",
    "owner": [
      "admin"
    ],
    "seo_title": "",
    "show_in_menus": false,
    "search_description": "",
    "go_live_at": null,
    "expire_at": null,
    "expired": false,
    "locked": false,
    "first_published_at": "2018-05-19T14:22:06.835Z",
    "last_published_at": "2018-05-19T14:22:06.835Z",
    "latest_revision_created_at": "2018-05-19T14:22:06.728Z",
    "live_revision": 27
  }
},
{
  "model": "wagtailcore.page",
  "pk": 12,
  "fields": {
    "path": "0001000100010004",
    "depth": 4,
    "numchild": 0,
    "title": "Contact form",
    "draft_title": "Contact form",
    "slug": "contact-form",
    "content_type": [
      "features",
      "featurespage"
    ],
    "live": true,
    "has_unpublished_changes": false,
    "url_path": "/home/features/contact-form/",
    "owner": [
      "admin"
    ],
    "seo_title": "",
    "show_in_menus": false,
    "search_description": "",
    "go_live_at": null,
    "expire_at": null,
    "expired": false,
    "locked": false,
    "first_published_at": "2018-05-19T14:23:47.661Z",
    "last_published_at": "2018-05-19T14:23:47.661Z",
    "latest_revision_created_at": "2018-05-19T14:23:47.494Z",
    "live_revision": 28
  }
},
{
  "model": "wagtailcore.page",
  "pk": 13,
  "fields": {
    "path": "0001000100010005",
    "depth": 4,
    "numchild": 0,
    "title": "Powered by Wagtail",
    "draft_title": "Powered by Wagtail",
    "slug": "powered-wagtail",
    "content_type": [
      "features",
      "featurespage"
    ],
    "live": true,
    "has_unpublished_changes": false,
    "url_path": "/home/features/powered-wagtail/",
    "owner": [
      "admin"
    ],
    "seo_title": "",
    "show_in_menus": false,
    "search_description": "",
    "go_live_at": null,
    "expire_at": null,
    "expired": false,
    "locked": false,
    "first_published_at": "2018-05-19T14:25:34.967Z",
    "last_published_at": "2018-05-19T14:25:53.137Z",
    "latest_revision_created_at": "2018-05-19T14:25:53.008Z",
    "live_revision": 30
  }
},
{
  "model": "wagtailcore.page",
  "pk": 14,
  "fields": {
    "path": "0001000100010006",
    "depth": 4,
    "numchild": 0,
    "title": "SASS",
    "draft_title": "SASS",
    "slug": "sass",
    "content_type": [
      "features",
      "featurespage"
    ],
    "live": true,
    "has_unpublished_changes": false,
    "url_path": "/home/features/sass/",
    "owner": [
      "admin"
    ],
    "seo_title": "",
    "show_in_menus": false,
    "search_description": "",
    "go_live_at": null,
    "expire_at": null,
    "expired": false,
    "locked": false,
    "first_published_at": "2018-05-19T14:27:36.019Z",
    "last_published_at": "2018-05-19T14:27:36.019Z",
    "latest_revision_created_at": "2018-05-19T14:27:35.905Z",
    "live_revision": 31
  }
},
{
  "model": "wagtailcore.page",
  "pk": 15,
  "fields": {
    "path": "000100010005",
    "depth": 3,
    "numchild": 0,
    "title": "About",
    "draft_title": "About",
    "slug": "about",
    "content_type": [
      "home",
      "standardpage"
    ],
    "live": true,
    "has_unpublished_changes": false,
    "url_path": "/home/about/",
    "owner": [
      "admin"
    ],
    "seo_title": "",
    "show_in_menus": true,
    "search_description": "",
    "go_live_at": null,
    "expire_at": null,
    "expired": false,
    "locked": false,
    "first_published_at": "2018-05-19T14:30:16.289Z",
    "last_published_at": "2018-05-19T18:02:21.693Z",
    "latest_revision_created_at": "2018-05-19T18:02:21.469Z",
    "live_revision": 45
  }
},
{
  "model": "wagtailimages.image",
  "pk": 1,
  "fields": {
    "collection": 1,
    "title": "Landscape",
    "file": "original_images/pocitos.jpg",
    "width": 1280,
    "height": 720,
    "created_at": "2018-05-16T15:06:30.230Z",
    "uploaded_by_user": [
      "admin"
    ],
    "focal_point_x": null,
    "focal_point_y": null,
    "focal_point_width": null,
    "focal_point_height": null,
    "file_size": null
  }
},
{
  "model": "wagtailimages.image",
  "pk": 2,
  "fields": {
    "collection": 2,
    "title": "Image 5",
    "file": "original_images/image5.jpg",
    "width": 800,
    "height": 533,
    "created_at": "2018-05-18T21:06:58.741Z",
    "uploaded_by_user": [
      "admin"
    ],
    "focal_point_x": null,
    "focal_point_y": null,
    "focal_point_width": null,
    "focal_point_height": null,
    "file_size": 130599
  }
},
{
  "model": "wagtailimages.image",
  "pk": 3,
  "fields": {
    "collection": 2,
    "title": "Image 1",
    "file": "original_images/image1.jpg",
    "width": 800,
    "height": 533,
    "created_at": "2018-05-18T21:06:59.208Z",
    "uploaded_by_user": [
      "admin"
    ],
    "focal_point_x": null,
    "focal_point_y": null,
    "focal_point_width": null,
    "focal_point_height": null,
    "file_size": 82971
  }
},
{
  "model": "wagtailimages.image",
  "pk": 4,
  "fields": {
    "collection": 2,
    "title": "Image 2",
    "file": "original_images/image2.jpg",
    "width": 800,
    "height": 533,
    "created_at": "2018-05-18T21:06:59.546Z",
    "uploaded_by_user": [
      "admin"
    ],
    "focal_point_x": null,
    "focal_point_y": null,
    "focal_point_width": null,
    "focal_point_height": null,
    "file_size": 140891
  }
},
{
  "model": "wagtailimages.image",
  "pk": 5,
  "fields": {
    "collection": 2,
    "title": "Image 3",
    "file": "original_images/image3.jpg",
    "width": 800,
    "height": 533,
    "created_at": "2018-05-18T21:06:59.893Z",
    "uploaded_by_user": [
      "admin"
    ],
    "focal_point_x": null,
    "focal_point_y": null,
    "focal_point_width": null,
    "focal_point_height": null,
    "file_size": 92421
  }
},
{
  "model": "wagtailimages.image",
  "pk": 6,
  "fields": {
    "collection": 2,
    "title": "Image 4",
    "file": "original_images/image4.jpg",
    "width": 800,
    "height": 533,
    "created_at": "2018-05-18T21:07:00.180Z",
    "uploaded_by_user": [
      "admin"
    ],
    "focal_point_x": null,
    "focal_point_y": null,
    "focal_point_width": null,
    "focal_point_height": null,
    "file_size": 81364
  }
},
{
  "model": "wagtailimages.image",
  "pk": 7,
  "fields": {
    "collection": 2,
    "title": "Image 6",
    "file": "original_images/image6.jpg",
    "width": 800,
    "height": 533,
    "created_at": "2018-05-18T21:07:00.799Z",
    "uploaded_by_user": [
      "admin"
    ],
    "focal_point_x": null,
    "focal_point_y": null,
    "focal_point_width": null,
    "focal_point_height": null,
    "file_size": 81850
  }
},
{
  "model": "wagtailimages.image",
  "pk": 8,
  "fields": {
    "collection": 2,
    "title": "Image 7",
    "file": "original_images/image7.jpg",
    "width": 800,
    "height": 533,
    "created_at": "2018-05-18T21:07:01.235Z",
    "uploaded_by_user": [
      "admin"
    ],
    "focal_point_x": null,
    "focal_point_y": null,
    "focal_point_width": null,
    "focal_point_height": null,
    "file_size": 72009
  }
},
{
  "model": "wagtailimages.image",
  "pk": 9,
  "fields": {
    "collection": 2,
    "title": "Image 8",
    "file": "original_images/image8.jpg",
    "width": 800,
    "height": 533,
    "created_at": "2018-05-18T21:07:03.984Z",
    "uploaded_by_user": [
      "admin"
    ],
    "focal_point_x": null,
    "focal_point_y": null,
    "focal_point_width": null,
    "focal_point_height": null,
    "file_size": 148479
  }
},
{
  "model": "wagtailimages.image",
  "pk": 10,
  "fields": {
    "collection": 2,
    "title": "Image 9",
    "file": "original_images/image9.jpg",
    "width": 800,
    "height": 533,
    "created_at": "2018-05-18T21:07:04.483Z",
    "uploaded_by_user": [
      "admin"
    ],
    "focal_point_x": null,
    "focal_point_y": null,
    "focal_point_width": null,
    "focal_point_height": null,
    "file_size": 124462
  }
},
{
  "model": "wagtailimages.image",
  "pk": 11,
  "fields": {
    "collection": 1,
    "title": "keraban book cover",
    "file": "original_images/keraban.jpg",
    "width": 400,
    "height": 600,
    "created_at": "2018-05-19T14:35:04.733Z",
    "uploaded_by_user": [
      "admin"
    ],
    "focal_point_x": null,
    "focal_point_y": null,
    "focal_point_width": null,
    "focal_point_height": null,
    "file_size": null
  }
},
{
  "model": "gallery.gallerypage",
  "pk": 9,
  "fields": {
    "galery_type": "COMP",
    "collection": 2
  }
},
{
  "model": "contact.contactpage",
  "pk": 7,
  "fields": {
    "email": "mcaniina@gmail.com",
    "thanks_page": 8
  }
},
{
  "model": "locations.locationpage",
  "pk": 6,
  "fields": {}
},
{
  "model": "features.featurespage",
  "pk": 5,
  "fields": {
    "icon": "fa-window-restore"
  }
},
{
  "model": "features.featurespage",
  "pk": 10,
  "fields": {
    "icon": "fa-search"
  }
},
{
  "model": "features.featurespage",
  "pk": 11,
  "fields": {
    "icon": "fa-google"
  }
},
{
  "model": "features.featurespage",
  "pk": 12,
  "fields": {
    "icon": "fa-envelope"
  }
},
{
  "model": "features.featurespage",
  "pk": 13,
  "fields": {
    "icon": "fa-server"
  }
},
{
  "model": "features.featurespage",
  "pk": 14,
  "fields": {
    "icon": "fa-tint"
  }
},
{
  "model": "features.featuresindexpage",
  "pk": 4,
  "fields": {}
},
{
  "model": "home.homepage",
  "pk": 3,
  "fields": {
    "image": 1,
    "hero_text": "An inflexible, opinionated Content Management System",
    "hero_cta": "Design a corporate/personal website and give your client an user to maintain it.",
    "hero_cta_link": null,
    "featured_section_1_title": "About us",
    "featured_section_1": 15,
    "featured_section_2_title": "Another page",
    "featured_section_2": 15,
    "featured_features": 4,
    "featured_location": 6,
    "featured_gallery": 9
  }
},
{
  "model": "home.standardpage",
  "pk": 4,
  "fields": {
    "subtitle": "List of Keraban CMS features.",
    "introduction": "Keraban CMS highlights.",
    "image": 1,
    "body": "[{\"type\": \"paragraph\", \"value\": \"<p></p>\", \"id\": \"239e2afa-906e-462a-bc9e-ba1a0d234f9f\"}]"
  }
},
{
  "model": "home.standardpage",
  "pk": 5,
  "fields": {
    "subtitle": "Work well on any device.",
    "introduction": "Web pages look good on desktops, tablets, and phones.",
    "image": null,
    "body": "[]"
  }
},
{
  "model": "home.standardpage",
  "pk": 6,
  "fields": {
    "subtitle": "Example location",
    "introduction": "This is an example of the location of the business",
    "image": null,
    "body": "[{\"type\": \"paragraph\", \"value\": \"<p>As I&#x27;ve not added an image to this page, then the headings just show page&#x27;s <b>title</b> and <b>subtitle</b>.</p><p></p><p>Map location is automatically filled with the data entered at admin page.</p>\", \"id\": \"1f253120-3248-46d2-806c-e5020ec33146\"}]"
  }
},
{
  "model": "home.standardpage",
  "pk": 7,
  "fields": {
    "subtitle": null,
    "introduction": "",
    "image": null,
    "body": "[{\"type\": \"paragraph\", \"value\": \"<p><a href=\\\"http://localhost:8000/admin/\\\">admin area</a></p>\", \"id\": \"fe4bf76a-e6e5-470c-8c25-1f917cae3ec0\"}]"
  }
},
{
  "model": "home.standardpage",
  "pk": 8,
  "fields": {
    "subtitle": "Thank you",
    "introduction": "",
    "image": null,
    "body": "[{\"type\": \"paragraph\", \"value\": \"<p>We have received your message, we will contact you as soon as possible.</p>\", \"id\": \"dab32516-bc1b-4499-a645-680cb0d8c5b7\"}]"
  }
},
{
  "model": "home.standardpage",
  "pk": 9,
  "fields": {
    "subtitle": "Screenshots",
    "introduction": "Websites using Keraban CMS",
    "image": null,
    "body": "[]"
  }
},
{
  "model": "home.standardpage",
  "pk": 10,
  "fields": {
    "subtitle": "Search Engines Optimized",
    "introduction": "Easy to edit and generate all the metadata that Search Engine's needs to understand your website.",
    "image": null,
    "body": "[]"
  }
},
{
  "model": "home.standardpage",
  "pk": 11,
  "fields": {
    "subtitle": "Knowledge Graph",
    "introduction": "Included metadata to fill Google Knowledge Graph metadata",
    "image": null,
    "body": "[]"
  }
},
{
  "model": "home.standardpage",
  "pk": 12,
  "fields": {
    "subtitle": "No need to set up email servers.",
    "introduction": "Using formspree.io makes it possible to have contact forms without setting up email servers.",
    "image": null,
    "body": "[]"
  }
},
{
  "model": "home.standardpage",
  "pk": 13,
  "fields": {
    "subtitle": "Amazing Backend",
    "introduction": "Easy usage for non developers thanks to the amazing Wagtail's backend.",
    "image": null,
    "body": "[]"
  }
},
{
  "model": "home.standardpage",
  "pk": 14,
  "fields": {
    "subtitle": "Syntactically awesome style sheets",
    "introduction": "Customized Bootstrap 4 SASS.",
    "image": null,
    "body": "[]"
  }
},
{
  "model": "home.standardpage",
  "pk": 15,
  "fields": {
    "subtitle": null,
    "introduction": "Build and deploy websites that can be easily maintained by non\r\ndeveloper users.\r\n\r\nIt aims to help developers build beautiful websites in one way, with a limited set of features using web design best practices.",
    "image": 11,
    "body": "[{\"type\": \"paragraph\", \"value\": \"<h2>Design Principles</h2><p></p><ul><li>Consistent look &amp; feel through all web pages</li><li>Implementation of web best practices:<ul><li><b>Semantic web</b>: Schema.org meta tags</li><li>Optimized for Search Engines (SEO, Google&#x27;s richsnippets)</li><li>Fully responsive</li></ul></li><li>Add and remove pages from backend</li></ul>\", \"id\": \"4ffd95ce-70af-465f-9249-1bbf3d97df98\"}]"
  }
}
]
